id,first_name,last_name,email,gender
1,Lisa,Haizelden,lhaizelden0@tamu.edu,Female
2,Shaine,Brammall,sbrammall1@zdnet.com,Male
3,Abbe,Juckes,ajuckes2@reddit.com,Male
4,Annmarie,Souttar,asouttar3@yahoo.co.jp,Female
5,Gal,Massow,gmassow4@bigcartel.com,Male
6,Carolyne,Roddie,croddie5@fc2.com,Female
7,Xever,Chevalier,xchevalier6@51.la,Male
8,Kareem,Tather,ktather7@theguardian.com,Male
9,Corina,Danielski,cdanielski8@deviantart.com,Female
10,Tatiania,Harriss,tharriss9@youku.com,Agender
11,Danie,Lewsey,dlewseya@friendfeed.com,Male
12,Kally,Linkleter,klinkleterb@taobao.com,Female
13,Lyndsie,Houdhury,lhoudhuryc@zimbio.com,Female
14,Jody,Eriksson,jerikssond@goo.ne.jp,Bigender
15,Eolanda,Godthaab,egodthaabe@state.tx.us,Female
16,Pansie,Mc Harg,pmchargf@seesaa.net,Female
17,Annamaria,Wikey,awikeyg@yahoo.co.jp,Female
18,Saunder,Imore,simoreh@networksolutions.com,Male
19,Karney,Punton,kpuntoni@cbslocal.com,Male
20,Jeniece,Briffett,jbriffettj@mozilla.com,Bigender
21,Chiquita,Woodsford,cwoodsfordk@cmu.edu,Female
22,Westbrook,Camillo,wcamillol@techcrunch.com,Male
23,Ilaire,Ellerby,iellerbym@cdc.gov,Male
24,Brendis,Summerton,bsummertonn@webs.com,Male
25,Martainn,Craft,mcrafto@fc2.com,Male
26,Helaine,Drawmer,hdrawmerp@parallels.com,Female
27,Shermy,Cawcutt,scawcuttq@multiply.com,Male
28,Christophorus,Aluard,caluardr@yellowbook.com,Male
29,Alessandra,Murkus,amurkuss@blinklist.com,Female
30,Anatol,Meiklam,ameiklamt@craigslist.org,Male
31,Birch,Leathwood,bleathwoodu@gnu.org,Male
32,Gail,Melwall,gmelwallv@nature.com,Male
33,Kacie,Nund,knundw@sbwire.com,Female
34,Marwin,Crinage,mcrinagex@nymag.com,Male
35,Ernest,Prebble,eprebbley@qq.com,Male
36,Klarika,Tamlett,ktamlettz@slate.com,Female
37,Megen,Colton,mcolton10@nymag.com,Female
38,Ella,Baume,ebaume11@hostgator.com,Female
39,Bert,Grocott,bgrocott12@webnode.com,Male
40,Xever,Collop,xcollop13@e-recht24.de,Male
41,Calv,Mancktelow,cmancktelow14@cyberchimps.com,Male
42,Emyle,Neem,eneem15@fc2.com,Female
43,Tymon,Dhillon,tdhillon16@netvibes.com,Male
44,Mag,Mose,mmose17@alexa.com,Bigender
45,Trenna,Callam,tcallam18@gizmodo.com,Female
46,Flory,Lillyman,flillyman19@businessinsider.com,Female
47,Vivien,Claessens,vclaessens1a@studiopress.com,Female
48,Bunnie,Shutte,bshutte1b@sitemeter.com,Female
49,Sammy,Rosenbloom,srosenbloom1c@blogtalkradio.com,Male
50,Franky,Chanson,fchanson1d@wikipedia.org,Female
51,Mufi,Silverston,msilverston1e@tripod.com,Female
52,Ami,Nicholas,anicholas1f@dedecms.com,Female
53,Brendin,Adamo,badamo1g@twitpic.com,Male
54,Pedro,Lyddiard,plyddiard1h@xing.com,Male
55,Therine,Durrad,tdurrad1i@cargocollective.com,Polygender
56,Dick,Ryson,dryson1j@ebay.com,Male
57,Franciskus,Burtt,fburtt1k@lulu.com,Male
58,Helen,Richter,hrichter1l@msn.com,Female
59,Leontine,Whorlow,lwhorlow1m@acquirethisname.com,Female
60,Zackariah,Galtone,zgaltone1n@posterous.com,Male
61,Jodee,Dorin,jdorin1o@theguardian.com,Female
62,Olivia,Hof,ohof1p@home.pl,Female
63,Kimberlyn,Goodlet,kgoodlet1q@intel.com,Polygender
64,Augustine,Ferguson,aferguson1r@ebay.co.uk,Female
65,Evered,Mervyn,emervyn1s@dedecms.com,Male
66,Marybelle,Turfus,mturfus1t@abc.net.au,Female
67,Caye,Dufer,cdufer1u@virginia.edu,Female
68,Shellie,Maffioletti,smaffioletti1v@psu.edu,Female
69,Waite,Creeghan,wcreeghan1w@tumblr.com,Male
70,Antony,Vela,avela1x@reverbnation.com,Bigender
71,Wyatan,Teasey,wteasey1y@goodreads.com,Male
72,Gilburt,Keirl,gkeirl1z@photobucket.com,Male
73,Giffard,Luckings,gluckings20@reddit.com,Male
74,Bartholemy,Cogger,bcogger21@technorati.com,Male
75,Colan,Rao,crao22@bloglines.com,Male
76,Jordan,Claesens,jclaesens23@ft.com,Male
77,Garv,Kerrane,gkerrane24@4shared.com,Male
78,Cami,Townend,ctownend25@nps.gov,Female
79,Jackelyn,Salamon,jsalamon26@engadget.com,Female
80,Alasdair,Balfe,abalfe27@ihg.com,Male
81,Beltran,Hext,bhext28@ucla.edu,Male
82,Claudian,Wignall,cwignall29@freewebs.com,Genderfluid
83,Brigitta,Meadway,bmeadway2a@hatena.ne.jp,Female
84,Imogen,Reschke,ireschke2b@wikimedia.org,Female
85,Ora,Pashby,opashby2c@stumbleupon.com,Female
86,Demetre,Valde,dvalde2d@army.mil,Male
87,Mae,Menhenitt,mmenhenitt2e@zimbio.com,Female
88,Jennifer,Paula,jpaula2f@alibaba.com,Female
89,Kenyon,Spickett,kspickett2g@redcross.org,Male
90,Estel,Jaggers,ejaggers2h@fema.gov,Female
91,Karyl,Gofford,kgofford2i@wordpress.com,Female
92,Thorsten,Zellner,tzellner2j@macromedia.com,Male
93,Jamison,Cokely,jcokely2k@who.int,Male
94,Jamie,Wightman,jwightman2l@irs.gov,Non-binary
95,Ferdinanda,O'Nion,fonion2m@utexas.edu,Female
96,Javier,Peterffy,jpeterffy2n@paginegialle.it,Male
97,Reinaldo,Moran,rmoran2o@nationalgeographic.com,Male
98,Mei,Hoff,mhoff2p@sohu.com,Female
99,Wallache,Skally,wskally2q@dell.com,Male
100,Angelita,Bonwell,abonwell2r@acquirethisname.com,Female
101,Hoebart,Hrycek,hhrycek2s@aboutads.info,Male
102,Finlay,Lewsy,flewsy2t@bloomberg.com,Male
103,Ewan,Dalliwater,edalliwater2u@webmd.com,Male
104,Carmelle,Ablewhite,cablewhite2v@paypal.com,Female
105,Feodor,Neylon,fneylon2w@sohu.com,Male
106,Randi,Keelinge,rkeelinge2x@google.com.au,Male
107,Tris,Bramley,tbramley2y@wikimedia.org,Male
108,Peyter,Poulglais,ppoulglais2z@over-blog.com,Male
109,Dmitri,Bullion,dbullion30@timesonline.co.uk,Male
110,Rorke,Wolstenholme,rwolstenholme31@bizjournals.com,Male
111,Tessy,Matchett,tmatchett32@vkontakte.ru,Female
112,Omar,Grob,ogrob33@livejournal.com,Male
113,Maynord,Tommaseo,mtommaseo34@over-blog.com,Male
114,Jolee,Gogin,jgogin35@about.com,Female
115,Sybyl,Caulder,scaulder36@squidoo.com,Female
116,Leontyne,Braidwood,lbraidwood37@yahoo.com,Non-binary
117,Bo,Selvester,bselvester38@ibm.com,Male
118,Clarette,Dassindale,cdassindale39@addthis.com,Female
119,Karly,O'Canavan,kocanavan3a@netscape.com,Female
120,Carmel,Rands,crands3b@fc2.com,Female
121,Martina,Banghe,mbanghe3c@disqus.com,Non-binary
122,Nicolis,Putman,nputman3d@vimeo.com,Male
123,Reginald,Lovstrom,rlovstrom3e@japanpost.jp,Male
124,Jennica,Hudel,jhudel3f@unblog.fr,Female
125,Lynde,Blanchflower,lblanchflower3g@moonfruit.com,Non-binary
126,Karyn,Christoforou,kchristoforou3h@shop-pro.jp,Female
127,Emiline,Sherlaw,esherlaw3i@jalbum.net,Female
128,Lorna,Kornilyev,lkornilyev3j@gizmodo.com,Female
129,Idalina,Silverthorne,isilverthorne3k@kickstarter.com,Female
130,Nelie,Veldens,nveldens3l@auda.org.au,Female
131,Ladonna,Gurge,lgurge3m@theglobeandmail.com,Female
132,Joey,Lote,jlote3n@upenn.edu,Bigender
133,Paton,Sneden,psneden3o@bloglovin.com,Male
134,Pall,Tout,ptout3p@comsenz.com,Male
135,Margarethe,Cayley,mcayley3q@mit.edu,Female
136,Jule,Yves,jyves3r@360.cn,Male
137,Benedikt,Fermer,bfermer3s@mail.ru,Male
138,Maiga,Guilleton,mguilleton3t@blogger.com,Female
139,Tedie,Preble,tpreble3u@privacy.gov.au,Male
140,Artus,Saylor,asaylor3v@themeforest.net,Male
141,Raddy,Chesnut,rchesnut3w@google.cn,Male
142,Eamon,Le Frank,elefrank3x@spiegel.de,Male
143,Rik,Brugemann,rbrugemann3y@technorati.com,Male
144,Neila,Lowndsbrough,nlowndsbrough3z@livejournal.com,Female
145,Wyndham,Headings,wheadings40@ehow.com,Male
146,Marilin,Hamfleet,mhamfleet41@godaddy.com,Non-binary
147,Mickie,Presdie,mpresdie42@elpais.com,Female
148,Stafani,Figg,sfigg43@cisco.com,Female
149,Leonora,Boulde,lboulde44@samsung.com,Female
150,Bradford,Harkess,bharkess45@mozilla.org,Male
151,Nickie,Rimington,nrimington46@vistaprint.com,Female
152,Auria,Mellanby,amellanby47@vimeo.com,Female
153,Valentijn,Terron,vterron48@springer.com,Male
154,Derwin,Heads,dheads49@discuz.net,Male
155,Mabel,Guilleton,mguilleton4a@yahoo.com,Female
156,Tildy,Straker,tstraker4b@narod.ru,Female
157,Efren,Kleinstern,ekleinstern4c@arstechnica.com,Male
158,Renaldo,Goford,rgoford4d@umich.edu,Male
159,Isidoro,Sive,isive4e@guardian.co.uk,Male
160,Aldridge,Collinwood,acollinwood4f@netlog.com,Male
161,Zerk,Collins,zcollins4g@jigsy.com,Male
162,Adelind,Grzelewski,agrzelewski4h@google.nl,Female
163,Marcello,Karpets,mkarpets4i@cornell.edu,Male
164,Breena,MacWhirter,bmacwhirter4j@mozilla.org,Female
165,Lowrance,Skerman,lskerman4k@moonfruit.com,Male
166,Joseito,Hannah,jhannah4l@reference.com,Male
167,Torey,Yeude,tyeude4m@reddit.com,Genderqueer
168,Wendell,Enoch,wenoch4n@mac.com,Male
169,Faydra,Luckcuck,fluckcuck4o@spotify.com,Female
170,Margaux,Quinlan,mquinlan4p@flavors.me,Bigender
171,Julius,Cargenven,jcargenven4q@paypal.com,Male
172,Gorden,Domange,gdomange4r@creativecommons.org,Male
173,Paco,Pettican,ppettican4s@google.co.jp,Male
174,Hasheem,Swatten,hswatten4t@dailymotion.com,Male
175,Shaine,Bolan,sbolan4u@free.fr,Female
176,Gillie,Strank,gstrank4v@usgs.gov,Female
177,Normy,Nightingale,nnightingale4w@123-reg.co.uk,Male
178,Vincenz,McCorkell,vmccorkell4x@angelfire.com,Male
179,Van,Merill,vmerill4y@whitehouse.gov,Female
180,Mariam,Fealey,mfealey4z@cornell.edu,Female
181,Leonora,Parlet,lparlet50@bbb.org,Female
182,Honor,Leibold,hleibold51@sbwire.com,Female
183,Monty,Mertsching,mmertsching52@independent.co.uk,Male
184,Dehlia,Chomley,dchomley53@theguardian.com,Female
185,Brewer,Gander,bgander54@columbia.edu,Male
186,Kaylil,Mixer,kmixer55@360.cn,Female
187,Abbie,Figura,afigura56@house.gov,Female
188,Wyatan,Deneve,wdeneve57@ibm.com,Male
189,Danielle,Duddell,dduddell58@pbs.org,Female
190,Siward,Campe,scampe59@census.gov,Male
191,Shaylah,Minget,sminget5a@networkadvertising.org,Female
192,Iosep,Englishby,ienglishby5b@myspace.com,Male
193,Glenn,Berger,gberger5c@guardian.co.uk,Male
194,Libbey,Tayspell,ltayspell5d@linkedin.com,Female
195,Hamlen,Antonetti,hantonetti5e@theatlantic.com,Male
196,Wendye,Gudeman,wgudeman5f@technorati.com,Female
197,Tabitha,Ivanisov,tivanisov5g@who.int,Female
198,Mariya,Halson,mhalson5h@ca.gov,Bigender
199,Minor,Hedworth,mhedworth5i@sogou.com,Male
200,Myranda,St Angel,mstangel5j@sina.com.cn,Female
201,Arney,Wakeman,awakeman5k@amazon.de,Male
202,Darice,Tidbold,dtidbold5l@gizmodo.com,Female
203,Luci,Waddilow,lwaddilow5m@house.gov,Agender
204,Claire,Le Franc,clefranc5n@amazon.de,Polygender
205,Dolf,Flippelli,dflippelli5o@biblegateway.com,Male
206,Garret,Sterke,gsterke5p@technorati.com,Male
207,Elna,Enticott,eenticott5q@posterous.com,Female
208,Elane,Tunnicliff,etunnicliff5r@google.co.uk,Female
209,Upton,Colhoun,ucolhoun5s@ox.ac.uk,Male
210,Neda,Yakuntsov,nyakuntsov5t@washingtonpost.com,Female
211,Wolf,Angliss,wangliss5u@pagesperso-orange.fr,Male
212,Mateo,Finkle,mfinkle5v@archive.org,Non-binary
213,Erna,Rounsefell,erounsefell5w@seesaa.net,Female
214,Agnola,Pettingall,apettingall5x@live.com,Female
215,Bryon,MacTurlough,bmacturlough5y@purevolume.com,Male
216,Monica,Atkirk,matkirk5z@businessinsider.com,Female
217,Thalia,Hacker,thacker60@sohu.com,Female
218,Leigh,Roath,lroath61@freewebs.com,Female
219,Jennie,Salerg,jsalerg62@dion.ne.jp,Female
220,Jervis,Olivi,jolivi63@imgur.com,Male
221,Melvin,Buzza,mbuzza64@bing.com,Male
222,Tony,Kieran,tkieran65@live.com,Female
223,Renaldo,Higgen,rhiggen66@ed.gov,Non-binary
224,Vinni,Keynd,vkeynd67@w3.org,Female
225,Alasteir,Indruch,aindruch68@wp.com,Male
226,Merline,Stammler,mstammler69@google.ru,Female
227,Shurwood,Roscher,sroscher6a@disqus.com,Male
228,Standford,Hardington,shardington6b@blogspot.com,Male
229,Tiphany,Skym,tskym6c@tinypic.com,Female
230,Suzie,Annakin,sannakin6d@sohu.com,Female
231,Quinn,Weldrake,qweldrake6e@si.edu,Male
232,Justis,O'Keenan,jokeenan6f@youku.com,Male
233,Woodie,Boulton,wboulton6g@infoseek.co.jp,Male
234,Janaye,Maudson,jmaudson6h@auda.org.au,Female
235,Estel,Doggrell,edoggrell6i@webeden.co.uk,Female
236,Linnea,Puncher,lpuncher6j@engadget.com,Female
237,Bradley,Glasscoe,bglasscoe6k@goodreads.com,Male
238,Caty,Housego,chousego6l@g.co,Female
239,Frasco,Wolfart,fwolfart6m@cpanel.net,Male
240,Cher,Teeney,cteeney6n@t.co,Female
241,Frants,Juniper,fjuniper6o@columbia.edu,Male
242,Bee,Murray,bmurray6p@google.cn,Female
243,Lawrence,Laugharne,llaugharne6q@shop-pro.jp,Male
244,Jerry,Ondrousek,jondrousek6r@disqus.com,Male
245,Mable,Jeffress,mjeffress6s@ft.com,Female
246,Catlin,Tinker,ctinker6t@marriott.com,Bigender
247,Conrade,Bruni,cbruni6u@smh.com.au,Male
248,Darsey,Daybell,ddaybell6v@hud.gov,Female
249,Torey,Scarsbrooke,tscarsbrooke6w@soundcloud.com,Non-binary
250,Barnebas,Milleton,bmilleton6x@businesswire.com,Male
251,Gilburt,De Mars,gdemars6y@pen.io,Male
252,Toddie,Denington,tdenington6z@economist.com,Male
253,Starlin,Blodget,sblodget70@bloglovin.com,Female
254,Maxim,Marchetti,mmarchetti71@wordpress.org,Bigender
255,Bethena,Silliman,bsilliman72@marketwatch.com,Female
256,Ethelin,Hulke,ehulke73@utexas.edu,Female
257,Gavan,Powderham,gpowderham74@digg.com,Male
258,Kikelia,Gillion,kgillion75@java.com,Polygender
259,Allyn,Rowledge,arowledge76@omniture.com,Female
260,Robers,Foster,rfoster77@unblog.fr,Male
261,Jud,LAbbet,jlabbet78@loc.gov,Agender
262,Gideon,Mc Dermid,gmcdermid79@europa.eu,Male
263,Cooper,Gerhts,cgerhts7a@washingtonpost.com,Male
264,Colly,Birckmann,cbirckmann7b@linkedin.com,Female
265,Jarid,Hitscher,jhitscher7c@abc.net.au,Male
266,Rayner,Lavalde,rlavalde7d@deviantart.com,Male
267,Colby,O'Hartnedy,cohartnedy7e@irs.gov,Male
268,Otto,Lambourne,olambourne7f@mac.com,Male
269,Justinn,Yearnsley,jyearnsley7g@globo.com,Female
270,Sophey,Gowland,sgowland7h@free.fr,Female
271,Jarvis,Domange,jdomange7i@marriott.com,Male
272,Suzette,Linfoot,slinfoot7j@fda.gov,Female
273,Gabriello,Winson,gwinson7k@over-blog.com,Male
274,Genna,Bee,gbee7l@sohu.com,Female
275,Bruno,Vedstra,bvedstra7m@hatena.ne.jp,Male
276,Charis,Wrightam,cwrightam7n@washington.edu,Female
277,Harriot,Vickors,hvickors7o@telegraph.co.uk,Female
278,Weylin,Bellee,wbellee7p@ow.ly,Male
279,Darin,Cohr,dcohr7q@moonfruit.com,Male
280,Mikaela,Rapo,mrapo7r@cmu.edu,Female
281,Cori,Zanassi,czanassi7s@redcross.org,Female
282,Isaiah,Louis,ilouis7t@guardian.co.uk,Male
283,Klaus,Cowgill,kcowgill7u@indiegogo.com,Male
284,Nicolai,Griswaite,ngriswaite7v@networkadvertising.org,Male
285,Brucie,Carthew,bcarthew7w@hibu.com,Male
286,Web,Crombie,wcrombie7x@list-manage.com,Male
287,Cecilio,Devanney,cdevanney7y@huffingtonpost.com,Male
288,Stevena,Balmadier,sbalmadier7z@163.com,Non-binary
289,Elisabetta,Truitt,etruitt80@wikimedia.org,Female
290,Kizzee,Sketch,ksketch81@bravesites.com,Female
291,Ricky,Westlake,rwestlake82@washington.edu,Male
292,Leann,Doxsey,ldoxsey83@npr.org,Female
293,Horatio,Tailby,htailby84@yale.edu,Male
294,Lea,Headington,lheadington85@unblog.fr,Female
295,Rafa,Brearley,rbrearley86@pcworld.com,Female
296,Lind,Disdel,ldisdel87@unc.edu,Male
297,Idalina,Kennerknecht,ikennerknecht88@opera.com,Female
298,Obadias,Goracci,ogoracci89@nasa.gov,Male
299,Elsbeth,Orteau,eorteau8a@i2i.jp,Female
300,Kristofer,Dyer,kdyer8b@slideshare.net,Male
301,Benyamin,Lacoste,blacoste8c@bing.com,Male
302,Joel,Coneau,jconeau8d@who.int,Male
303,Florina,Doblin,fdoblin8e@youku.com,Female
304,Dotty,Loddon,dloddon8f@google.co.uk,Female
305,Tam,Turfes,tturfes8g@wordpress.com,Male
306,Reider,Blaze,rblaze8h@huffingtonpost.com,Male
307,Arluene,McNeill,amcneill8i@china.com.cn,Female
308,Phil,Elias,pelias8j@mit.edu,Male
309,Janna,Blomfield,jblomfield8k@tripadvisor.com,Female
310,Daphene,Rearie,drearie8l@vinaora.com,Female
311,Wallie,Orchart,worchart8m@si.edu,Female
312,Darb,Doyley,ddoyley8n@geocities.jp,Male
313,Devonne,Fegan,dfegan8o@soundcloud.com,Female
314,Alene,Gutans,agutans8p@nytimes.com,Female
315,Charmion,Gronauer,cgronauer8q@nifty.com,Agender
316,Kellina,Ludlamme,kludlamme8r@gov.uk,Female
317,Mirelle,Casetta,mcasetta8s@imdb.com,Female
318,Flem,Harmston,fharmston8t@un.org,Male
319,Caitlin,Karolovsky,ckarolovsky8u@goo.ne.jp,Female
320,Jourdain,Carlisi,jcarlisi8v@mtv.com,Male
321,Anabelle,Moreman,amoreman8w@goodreads.com,Genderqueer
322,Abba,McKernon,amckernon8x@google.ca,Male
323,Billy,Duffit,bduffit8y@boston.com,Female
324,Miriam,Quakley,mquakley8z@wsj.com,Female
325,Rogerio,Whightman,rwhightman90@w3.org,Genderfluid
326,Alverta,Mathevet,amathevet91@admin.ch,Female
327,Taddeo,Airey,tairey92@amazon.co.jp,Male
328,Dave,Le Fleming,dlefleming93@ehow.com,Non-binary
329,Barny,Wapples,bwapples94@imdb.com,Male
330,Alano,Cruse,acruse95@springer.com,Male
331,Petey,Golden,pgolden96@tuttocitta.it,Male
332,Myrtia,Glynne,mglynne97@ted.com,Female
333,Noellyn,Merrywether,nmerrywether98@sogou.com,Female
334,Bernita,Scinelli,bscinelli99@usda.gov,Female
335,Sileas,Rogeon,srogeon9a@canalblog.com,Female
336,Emory,Probart,eprobart9b@parallels.com,Male
337,Max,Woolen,mwoolen9c@wiley.com,Polygender
338,Chaddie,Vipan,cvipan9d@usda.gov,Male
339,Jeramey,Mitkcov,jmitkcov9e@51.la,Male
340,Shantee,Gorrick,sgorrick9f@freewebs.com,Female
341,Orin,Tunny,otunny9g@paginegialle.it,Male
342,Robert,Bohler,rbohler9h@amazon.co.uk,Genderfluid
343,Fredi,Corney,fcorney9i@jalbum.net,Female
344,Stanislas,Angerstein,sangerstein9j@etsy.com,Male
345,Annie,Konertz,akonertz9k@mail.ru,Female
346,Scotti,Vickars,svickars9l@e-recht24.de,Male
347,Camile,Tomisch,ctomisch9m@ed.gov,Female
348,Nicola,Christian,nchristian9n@github.io,Female
349,Bancroft,Kliner,bkliner9o@drupal.org,Male
350,Lindon,Teideman,lteideman9p@opera.com,Male
351,Rivi,Neubigin,rneubigin9q@un.org,Polygender
352,Dinah,Alton,dalton9r@bbb.org,Female
353,Melli,Cardall,mcardall9s@bloglines.com,Agender
354,Gabriela,M'Chirrie,gmchirrie9t@upenn.edu,Female
355,Carlos,Grisbrook,cgrisbrook9u@shop-pro.jp,Genderqueer
356,Orrin,Savaage,osavaage9v@columbia.edu,Male
357,Tommie,Margerrison,tmargerrison9w@ask.com,Female
358,Lulu,Varns,lvarns9x@disqus.com,Female
359,Gillan,Beefon,gbeefon9y@sbwire.com,Female
360,Drew,Wythill,dwythill9z@icq.com,Male
361,Bibby,Yearby,byearbya0@cnbc.com,Female
362,Douglass,Laurance,dlaurancea1@usatoday.com,Male
363,Ogdan,Whitter,owhittera2@reuters.com,Male
364,Garner,Menichillo,gmenichilloa3@etsy.com,Male
365,Fran,Peacham,fpeachama4@timesonline.co.uk,Male
366,Jessalyn,Mcimmie,jmcimmiea5@ucoz.com,Female
367,Wernher,Hazelhurst,whazelhursta6@unblog.fr,Male
368,Willis,Basden,wbasdena7@bloomberg.com,Male
369,Melloney,Kite,mkitea8@army.mil,Female
370,Harlin,Dennert,hdennerta9@wordpress.org,Male
371,Chandal,Dikels,cdikelsaa@mozilla.org,Female
372,Ramsey,Duffell,rduffellab@acquirethisname.com,Male
373,Carina,Bratley,cbratleyac@shinystat.com,Female
374,Ferdinanda,Caig,fcaigad@narod.ru,Female
375,Sherill,Dabs,sdabsae@cocolog-nifty.com,Female
376,Elisha,Galilee,egalileeaf@reverbnation.com,Bigender
377,Codi,Blanchet,cblanchetag@google.com,Male
378,Harriet,Champkins,hchampkinsah@whitehouse.gov,Female
379,Sutton,Attril,sattrilai@skyrock.com,Agender
380,Trixi,Dutch,tdutchaj@skype.com,Female
381,Eustacia,Phelips,ephelipsak@mapquest.com,Female
382,Anny,Wason,awasonal@ask.com,Female
383,Thomas,Lampard,tlampardam@wix.com,Male
384,Gilles,Craggs,gcraggsan@multiply.com,Male
385,Barnabe,Raitt,braittao@bravesites.com,Male
386,Petronilla,Crasford,pcrasfordap@hatena.ne.jp,Female
387,Joceline,Fenlon,jfenlonaq@state.tx.us,Female
388,Hilarius,Fruish,hfruishar@symantec.com,Male
389,Ilka,James,ijamesas@mysql.com,Female
390,Orlando,Crafter,ocrafterat@goo.gl,Male
391,Delmer,Cornill,dcornillau@about.com,Male
392,Hernando,Faithfull,hfaithfullav@cnbc.com,Male
393,Caresse,Common,ccommonaw@geocities.jp,Female
394,Cad,Duell,cduellax@dell.com,Male
395,Addia,Tokley,atokleyay@ameblo.jp,Female
396,Josh,Treacy,jtreacyaz@cpanel.net,Male
397,Marget,Dibdale,mdibdaleb0@nsw.gov.au,Female
398,Gaylor,MacNockater,gmacnockaterb1@newsvine.com,Male
399,Sada,Blasik,sblasikb2@nasa.gov,Female
400,Eadmund,Guichard,eguichardb3@toplist.cz,Male
401,Pen,Caselick,pcaselickb4@chicagotribune.com,Male
402,Rutledge,Camis,rcamisb5@wikispaces.com,Male
403,Rosette,Gerdes,rgerdesb6@mayoclinic.com,Female
404,Vernor,MacGiffin,vmacgiffinb7@posterous.com,Male
405,Sashenka,MacLaig,smaclaigb8@opera.com,Female
406,Steven,Escale,sescaleb9@sourceforge.net,Male
407,Sharyl,Klewer,sklewerba@simplemachines.org,Female
408,Sibyl,Milch,smilchbb@wisc.edu,Polygender
409,Melisent,Ernshaw,mernshawbc@amazon.com,Female
410,Diannne,Persent,dpersentbd@newsvine.com,Female
411,Godart,Aleksidze,galeksidzebe@cnn.com,Male
412,Olympie,Tabbernor,otabbernorbf@tripadvisor.com,Female
413,Roberto,Broome,rbroomebg@acquirethisname.com,Male
414,Cristiano,Bernaldez,cbernaldezbh@gravatar.com,Male
415,Selie,Danielsky,sdanielskybi@storify.com,Female
416,Florence,Imloch,fimlochbj@issuu.com,Female
417,Doe,Boardman,dboardmanbk@foxnews.com,Female
418,Gwendolin,Fretwell,gfretwellbl@ezinearticles.com,Female
419,Percival,Leftridge,pleftridgebm@google.com,Male
420,Tuckie,Denholm,tdenholmbn@privacy.gov.au,Male
421,Ramon,Riepel,rriepelbo@princeton.edu,Male
422,Lulita,Bernini,lberninibp@japanpost.jp,Female
423,Elsie,Torrejon,etorrejonbq@smugmug.com,Female
424,Pat,Cicchinelli,pcicchinellibr@engadget.com,Male
425,Tammy,Hayto,thaytobs@yale.edu,Female
426,Tammara,MacNeillie,tmacneilliebt@lulu.com,Female
427,Brian,Gregoli,bgregolibu@opera.com,Male
428,Vicky,Willimont,vwillimontbv@linkedin.com,Female
429,Sharia,Huard,shuardbw@stumbleupon.com,Female
430,Lois,Courtese,lcourtesebx@technorati.com,Female
431,Blithe,Plumtree,bplumtreeby@edublogs.org,Female
432,Darb,Zelland,dzellandbz@japanpost.jp,Male
433,Kerk,Moultrie,kmoultriec0@scribd.com,Male
434,Robena,Paoletti,rpaolettic1@unc.edu,Female
435,Drud,Pinnington,dpinningtonc2@storify.com,Male
436,Dannye,Kingerby,dkingerbyc3@businessweek.com,Female
437,Ange,Persitt,apersittc4@oracle.com,Genderqueer
438,Mommy,Balaizot,mbalaizotc5@intel.com,Polygender
439,Alexandrina,Baldung,abaldungc6@photobucket.com,Female
440,Frances,McAdam,fmcadamc7@state.gov,Female
441,Lanny,Van Giffen,lvangiffenc8@cornell.edu,Male
442,Callida,Cope,ccopec9@skyrock.com,Female
443,Zoe,Plain,zplainca@ed.gov,Female
444,Richmond,McKinnon,rmckinnoncb@netvibes.com,Male
445,Arnuad,Penquet,apenquetcc@vimeo.com,Male
446,Collin,Dunsford,cdunsfordcd@bigcartel.com,Male
447,Sherri,McGillacoell,smcgillacoellce@exblog.jp,Female
448,Sharai,Crix,scrixcf@ebay.com,Female
449,Ranee,Molyneaux,rmolyneauxcg@xing.com,Female
450,Marquita,Dyneley,mdyneleych@theglobeandmail.com,Female
451,Sadie,Bendan,sbendanci@icio.us,Female
452,Dagmar,Grigoriscu,dgrigoriscucj@sphinn.com,Female
453,Marguerite,MacHoste,mmachosteck@uol.com.br,Female
454,Bobine,Inman,binmancl@independent.co.uk,Non-binary
455,Jo-anne,Race,jracecm@nba.com,Female
456,Merwyn,Victoria,mvictoriacn@pen.io,Male
457,Kacy,Charlson,kcharlsonco@hud.gov,Female
458,Kerwin,Jacqueme,kjacquemecp@rambler.ru,Male
459,Harriott,Bengtsson,hbengtssoncq@telegraph.co.uk,Female
460,Walther,Hafner,whafnercr@berkeley.edu,Male
461,Cosetta,MacIntyre,cmacintyrecs@digg.com,Female
462,Abbie,Millhouse,amillhousect@myspace.com,Female
463,Andi,Feehan,afeehancu@shareasale.com,Female
464,Gary,Skaif,gskaifcv@berkeley.edu,Male
465,Mellisa,Ivashkov,mivashkovcw@360.cn,Female
466,Meara,Mansell,mmansellcx@bloomberg.com,Female
467,Isidro,Stanfield,istanfieldcy@creativecommons.org,Male
468,Dannie,Chadband,dchadbandcz@cnbc.com,Female
469,Ilaire,Daniaud,idaniaudd0@google.nl,Male
470,Ulrich,Harkus,uharkusd1@networkadvertising.org,Male
471,Debor,MacDonell,dmacdonelld2@exblog.jp,Female
472,Emmy,Normavill,enormavilld3@mac.com,Polygender
473,Chauncey,Goulston,cgoulstond4@unicef.org,Male
474,Beitris,Appleby,bapplebyd5@wikia.com,Female
475,Natty,Kremer,nkremerd6@cnet.com,Genderfluid
476,Keven,Arnecke,karnecked7@foxnews.com,Male
477,Spenser,Polding,spoldingd8@w3.org,Male
478,Ty,Ellwood,tellwoodd9@yelp.com,Male
479,Gretta,Mosey,gmoseyda@intel.com,Female
480,Shelby,Stubley,sstubleydb@go.com,Female
481,Jacinta,Balderstone,jbalderstonedc@gizmodo.com,Female
482,Bunny,Gerritsma,bgerritsmadd@google.co.uk,Female
483,Rosamond,Childerley,rchilderleyde@imdb.com,Female
484,Cristine,Thumim,cthumimdf@bluehost.com,Non-binary
485,Aubree,Jakubovics,ajakubovicsdg@amazonaws.com,Female
486,Adriano,Ivashin,aivashindh@amazonaws.com,Male
487,Pen,Ciric,pciricdi@macromedia.com,Male
488,Bard,Rudd,brudddj@bloglines.com,Male
489,Drusy,Saunton,dsauntondk@freewebs.com,Bigender
490,Chandal,Babst,cbabstdl@boston.com,Female
491,Bambi,Mazonowicz,bmazonowiczdm@123-reg.co.uk,Female
492,Robert,Dinsdale,rdinsdaledn@nature.com,Male
493,Matty,Copes,mcopesdo@craigslist.org,Male
494,Jamaal,Lilford,jlilforddp@weather.com,Male
495,Therine,Hanselmann,thanselmanndq@state.gov,Non-binary
496,Tish,Gildersleeve,tgildersleevedr@redcross.org,Female
497,Tiffi,Mote,tmoteds@feedburner.com,Female
498,Rheba,Gabey,rgabeydt@arstechnica.com,Genderfluid
499,Terri,Erett,terettdu@constantcontact.com,Genderqueer
500,Emogene,Mallon,emallondv@imdb.com,Female
501,Bevin,Knevett,bknevettdw@cnn.com,Male
502,Randi,McGunley,rmcgunleydx@smugmug.com,Male
503,Querida,Darnbrough,qdarnbroughdy@netlog.com,Female
504,Malachi,Beebe,mbeebedz@fc2.com,Male
505,Abbye,Bryers,abryerse0@slate.com,Female
506,Brooks,Sparshutt,bsparshutte1@state.gov,Male
507,Frederico,Dickenson,fdickensone2@sun.com,Male
508,Simone,Constable,sconstablee3@addtoany.com,Male
509,Sabrina,Kenforth,skenforthe4@seesaa.net,Female
510,Ban,Sibbons,bsibbonse5@amazon.co.uk,Male
511,Amble,Cabrales,acabralese6@shareasale.com,Male
512,Risa,Johnsee,rjohnseee7@ca.gov,Female
513,Leona,Mousley,lmousleye8@elpais.com,Female
514,Dave,Caig,dcaige9@cnet.com,Genderqueer
515,Libbie,Newlands,lnewlandsea@printfriendly.com,Female
516,Anastasia,Lanktree,alanktreeeb@nydailynews.com,Female
517,Ryan,Godfree,rgodfreeec@rambler.ru,Bigender
518,Hildegaard,Hlavecek,hhlaveceked@hexun.com,Agender
519,Alex,Ambrogi,aambrogiee@jimdo.com,Male
520,Marsha,Yea,myeaef@delicious.com,Female
521,Jeri,Oakey,joakeyeg@marketwatch.com,Female
522,Ulrick,Hudless,uhudlesseh@xing.com,Male
523,Nikolos,Dilleston,ndillestonei@umn.edu,Male
524,Theressa,Lavalde,tlavaldeej@sakura.ne.jp,Female
525,Base,Geldart,bgeldartek@tumblr.com,Male
526,Iggie,Bruineman,ibruinemanel@xrea.com,Male
527,Boyce,Janjusevic,bjanjusevicem@opera.com,Male
528,Conant,Watmore,cwatmoreen@ted.com,Male
529,Hewett,Jacobsz,hjacobszeo@cisco.com,Male
530,Brittaney,Blowing,bblowingep@ehow.com,Female
531,Bree,Dimberline,bdimberlineeq@istockphoto.com,Non-binary
532,Kathy,Stronge,kstrongeer@gizmodo.com,Female
533,Charissa,Dungee,cdungeees@amazonaws.com,Female
534,Glennis,Asken,gaskenet@jigsy.com,Female
535,Lira,Wagerfield,lwagerfieldeu@furl.net,Female
536,Quinton,McCuis,qmccuisev@usda.gov,Non-binary
537,Whitney,O'Driscole,wodriscoleew@bloglines.com,Male
538,Juliann,Ruilton,jruiltonex@microsoft.com,Female
539,Desmund,Raggles,dragglesey@accuweather.com,Male
540,Derril,Hessenthaler,dhessenthalerez@apache.org,Male
541,Yancey,Van De Cappelle,yvandecappellef0@t-online.de,Agender
542,Franklyn,Felkin,ffelkinf1@cpanel.net,Male
543,Pauly,Clapison,pclapisonf2@fastcompany.com,Female
544,Lizzie,Cloake,lcloakef3@histats.com,Female
545,Alicia,Roback,arobackf4@berkeley.edu,Female
546,Claudian,Lafoy,clafoyf5@wsj.com,Male
547,Odelle,Bonde,obondef6@storify.com,Female
548,Lacey,Faint,lfaintf7@ifeng.com,Female
549,Kalie,Sudlow,ksudlowf8@prnewswire.com,Genderqueer
550,Dulci,Eim,deimf9@is.gd,Female
551,Cam,McGlaud,cmcglaudfa@plala.or.jp,Male
552,Gusti,Efford,geffordfb@mashable.com,Female
553,Alford,Edleston,aedlestonfc@clickbank.net,Male
554,Missie,Howden,mhowdenfd@creativecommons.org,Genderfluid
555,Zacharias,Klimaszewski,zklimaszewskife@xrea.com,Male
556,Kylila,Sabattier,ksabattierff@parallels.com,Female
557,Harriott,Guilayn,hguilaynfg@craigslist.org,Female
558,Bucky,Wisedale,bwisedalefh@auda.org.au,Male
559,Morlee,Tanman,mtanmanfi@ox.ac.uk,Male
560,Montague,Battista,mbattistafj@mail.ru,Male
561,Davide,Farlow,dfarlowfk@unblog.fr,Male
562,Olga,Baughen,obaughenfl@nydailynews.com,Female
563,Nolana,Breckin,nbreckinfm@hostgator.com,Female
564,Audrie,Side,asidefn@examiner.com,Female
565,Cullin,Gleder,cglederfo@cdc.gov,Male
566,Adelind,Bullers,abullersfp@weebly.com,Female
567,Clair,Matuszinski,cmatuszinskifq@pbs.org,Male
568,Katie,Andreev,kandreevfr@ovh.net,Female
569,Shantee,Trubshawe,strubshawefs@jiathis.com,Female
570,Blinny,Woodyear,bwoodyearft@goodreads.com,Female
571,Gavan,Nasey,gnaseyfu@apple.com,Male
572,Shelby,Havesides,shavesidesfv@msn.com,Female
573,Bobbette,Wallman,bwallmanfw@canalblog.com,Female
574,Teddy,Goold,tgooldfx@pcworld.com,Male
575,Carleton,Manneville,cmannevillefy@pbs.org,Genderqueer
576,Gabbey,Skerrett,gskerrettfz@webs.com,Female
577,Lonnard,Bennit,lbennitg0@foxnews.com,Male
578,Stella,Hum,shumg1@berkeley.edu,Female
579,Helenka,Sanbrook,hsanbrookg2@jugem.jp,Female
580,Corry,Priver,cpriverg3@engadget.com,Female
581,Karney,O'Dowling,kodowlingg4@unicef.org,Male
582,Josey,Ramirez,jramirezg5@bigcartel.com,Polygender
583,Corry,Stanistrete,cstanistreteg6@printfriendly.com,Female
584,Gunther,Smylie,gsmylieg7@gravatar.com,Male
585,Rodolfo,Torrie,rtorrieg8@aboutads.info,Male
586,Nickola,Minard,nminardg9@bloomberg.com,Male
587,Derrick,Thireau,dthireauga@list-manage.com,Male
588,Jory,Cassells,jcassellsgb@ning.com,Male
589,Alphonse,Colwell,acolwellgc@ox.ac.uk,Male
590,Liane,Worman,lwormangd@opera.com,Female
591,Lanny,Adcocks,ladcocksge@tripadvisor.com,Polygender
592,Pieter,Horsted,phorstedgf@theglobeandmail.com,Male
593,Johnna,Clewley,jclewleygg@sitemeter.com,Female
594,Justinian,Asche,jaschegh@nps.gov,Male
595,Lane,Pignon,lpignongi@harvard.edu,Male
596,Dorey,Braemer,dbraemergj@goo.gl,Female
597,Josiah,Zanardii,jzanardiigk@mayoclinic.com,Male
598,Marney,Connechy,mconnechygl@rakuten.co.jp,Female
599,Lani,Siddon,lsiddongm@csmonitor.com,Female
600,Gamaliel,Fripp,gfrippgn@nature.com,Male
601,Laureen,Clayal,lclayalgo@boston.com,Female
602,Caleb,Beining,cbeininggp@tinyurl.com,Male
603,Moises,MacGill,mmacgillgq@4shared.com,Male
604,Willy,Bau,wbaugr@craigslist.org,Female
605,Isaac,Pillinger,ipillingergs@prlog.org,Male
606,Constantin,Ruppelin,cruppelingt@elpais.com,Non-binary
607,Meggy,Babbage,mbabbagegu@cargocollective.com,Genderfluid
608,Clarance,Georger,cgeorgergv@lulu.com,Male
609,Gypsy,Smoth,gsmothgw@scientificamerican.com,Female
610,Minni,Treadgall,mtreadgallgx@seesaa.net,Female
611,Lanni,Ciobotaro,lciobotarogy@wunderground.com,Female
612,Jenny,Olyet,jolyetgz@tinypic.com,Female
613,Erika,St. Quintin,estquintinh0@ow.ly,Female
614,Elbertina,Bearman,ebearmanh1@dagondesign.com,Female
615,Wendi,McCartney,wmccartneyh2@dot.gov,Female
616,Brianna,Corrado,bcorradoh3@paypal.com,Female
617,Bernardo,Gamage,bgamageh4@mozilla.org,Male
618,Ogden,Puleque,opulequeh5@hhs.gov,Male
619,Morie,Lyes,mlyesh6@cnn.com,Male
620,Reuven,Hannibal,rhannibalh7@ocn.ne.jp,Male
621,Ogden,Weetch,oweetchh8@shinystat.com,Male
622,Bay,Pentelo,bpenteloh9@oaic.gov.au,Male
623,Susy,Taveriner,staverinerha@shinystat.com,Female
624,Hugibert,Canny,hcannyhb@usa.gov,Male
625,Juan,Trainer,jtrainerhc@clickbank.net,Male
626,Leda,Wayland,lwaylandhd@homestead.com,Female
627,Bernhard,Geekie,bgeekiehe@themeforest.net,Male
628,Alie,Mitcham,amitchamhf@purevolume.com,Agender
629,Clemente,Tobin,ctobinhg@alibaba.com,Male
630,Orville,Kingsford,okingsfordhh@huffingtonpost.com,Agender
631,Augy,Fraulo,afraulohi@mtv.com,Bigender
632,Garreth,Felten,gfeltenhj@last.fm,Male
633,Xenia,Sharply,xsharplyhk@miibeian.gov.cn,Female
634,Base,Dammarell,bdammarellhl@netvibes.com,Male
635,Talya,Sidnell,tsidnellhm@wikia.com,Female
636,Fleurette,Borris,fborrishn@creativecommons.org,Female
637,Coop,Cornwall,ccornwallho@pagesperso-orange.fr,Male
638,Patricio,Midford,pmidfordhp@shop-pro.jp,Male
639,Jervis,Sweatland,jsweatlandhq@google.co.uk,Agender
640,Danna,Clotworthy,dclotworthyhr@clickbank.net,Female
641,Lib,Starton,lstartonhs@shareasale.com,Female
642,Malissia,Wicher,mwicherht@google.es,Female
643,Willi,Ceely,wceelyhu@thetimes.co.uk,Female
644,Demetra,Ziemke,dziemkehv@globo.com,Female
645,Gretna,Bullivent,gbulliventhw@cbsnews.com,Polygender
646,Allie,Rowston,arowstonhx@narod.ru,Polygender
647,Marti,Curnock,mcurnockhy@nba.com,Female
648,Zak,Tremeer,ztremeerhz@jigsy.com,Male
649,Humberto,Darco,hdarcoi0@wsj.com,Male
650,Laurena,Lias,lliasi1@zdnet.com,Female
651,Flossie,Wetheril,fwetherili2@paginegialle.it,Female
652,Raimondo,Burlingham,rburlinghami3@kickstarter.com,Male
653,Elsinore,Carlens,ecarlensi4@digg.com,Female
654,Cedric,Jeromson,cjeromsoni5@lycos.com,Genderfluid
655,Tanney,Hariot,tharioti6@nationalgeographic.com,Male
656,Kerry,McKleod,kmckleodi7@constantcontact.com,Male
657,Estrellita,Plampin,eplampini8@freewebs.com,Female
658,Rorie,Harewood,rharewoodi9@wsj.com,Female
659,Bud,Elam,belamia@state.gov,Agender
660,Roselle,Brisson,rbrissonib@t-online.de,Female
661,Hetty,Dammarell,hdammarellic@bloomberg.com,Female
662,Bryon,Earley,bearleyid@patch.com,Genderqueer
663,Aaren,Lovelace,alovelaceie@taobao.com,Female
664,Brittney,Spuffard,bspuffardif@nasa.gov,Female
665,Benedick,Striker,bstrikerig@cdc.gov,Male
666,Berk,Schuricht,bschurichtih@army.mil,Male
667,Freddi,Easdon,feasdonii@goo.gl,Female
668,Julian,Crunden,jcrundenij@homestead.com,Male
669,Opal,Hellis,ohellisik@arizona.edu,Female
670,Gianina,Apted,gaptedil@wikimedia.org,Female
671,Ava,Faichney,afaichneyim@virginia.edu,Female
672,Lionello,Cornuau,lcornuauin@springer.com,Male
673,Kinsley,Paulson,kpaulsonio@eepurl.com,Male
674,Baxie,Haitlie,bhaitlieip@google.com,Polygender
675,Francois,Dransfield,fdransfieldiq@who.int,Male
676,Tracie,Bye,tbyeir@pinterest.com,Male
677,Annalee,Pavey,apaveyis@google.es,Female
678,Radcliffe,Womersley,rwomersleyit@sciencedirect.com,Male
679,Merrili,Wadge,mwadgeiu@lulu.com,Female
680,Dalt,Feary,dfearyiv@theguardian.com,Male
681,Ely,Ticehurst,eticehurstiw@newsvine.com,Bigender
682,Madelle,Mugleston,mmuglestonix@youtu.be,Female
683,Haleigh,Kordes,hkordesiy@bandcamp.com,Male
684,Jana,Sara,jsaraiz@mozilla.org,Female
685,Curcio,Blacket,cblacketj0@imdb.com,Male
686,Sibyl,Smitten,ssmittenj1@reference.com,Female
687,Konstantin,Cumberpatch,kcumberpatchj2@mac.com,Male
688,Dallas,Dane,ddanej3@vinaora.com,Male
689,Kale,Unwin,kunwinj4@prweb.com,Male
690,Evangelina,Unstead,eunsteadj5@thetimes.co.uk,Polygender
691,Pablo,Rakes,prakesj6@independent.co.uk,Male
692,Ariel,Campey,acampeyj7@latimes.com,Female
693,Kele,Riping,kripingj8@dedecms.com,Male
694,Rosemonde,McCroft,rmccroftj9@nasa.gov,Polygender
695,Emmy,Eliet,eelietja@hhs.gov,Female
696,Karisa,Barbery,kbarberyjb@deliciousdays.com,Female
697,Tabby,Marchent,tmarchentjc@google.com.hk,Male
698,Brandea,Wapol,bwapoljd@craigslist.org,Female
699,Meade,Ourry,mourryje@buzzfeed.com,Female
700,Inger,Minguet,iminguetjf@vk.com,Male
701,Orin,Thandi,othandijg@freewebs.com,Male
702,Hayes,Janiak,hjaniakjh@toplist.cz,Male
703,Barr,Simmonds,bsimmondsji@ehow.com,Male
704,Verena,Kleszinski,vkleszinskijj@howstuffworks.com,Female
705,Sampson,Osant,sosantjk@mozilla.org,Male
706,Camellia,Penhearow,cpenhearowjl@netlog.com,Female
707,Alisander,McPharlain,amcpharlainjm@berkeley.edu,Male
708,Heather,Laker,hlakerjn@chicagotribune.com,Female
709,Lilas,Danilchev,ldanilchevjo@woothemes.com,Female
710,Euphemia,Fatkin,efatkinjp@g.co,Female
711,Robers,Berzon,rberzonjq@yahoo.co.jp,Male
712,Ellery,Bour,ebourjr@hostgator.com,Male
713,Vi,Bradane,vbradanejs@intel.com,Female
714,Charmane,Bolstridge,cbolstridgejt@wunderground.com,Female
715,Stafford,Borzone,sborzoneju@google.nl,Male
716,Franny,Drescher,fdrescherjv@dailymail.co.uk,Male
717,Boyd,Bosma,bbosmajw@ted.com,Male
718,Ree,Tubridy,rtubridyjx@skype.com,Female
719,Georgie,Swanston,gswanstonjy@reuters.com,Male
720,Sim,Clementel,sclementeljz@symantec.com,Male
721,Omero,Harron,oharronk0@sciencedaily.com,Male
722,Emlyn,MacCahee,emaccaheek1@netlog.com,Female
723,Abner,Zaple,azaplek2@netlog.com,Male
724,Eilis,Kuhlmey,ekuhlmeyk3@harvard.edu,Bigender
725,Tybie,Mithon,tmithonk4@networkadvertising.org,Female
726,Andy,Weymouth,aweymouthk5@linkedin.com,Female
727,Alano,Gowan,agowank6@tuttocitta.it,Male
728,Enrichetta,Morphew,emorphewk7@noaa.gov,Bigender
729,Dorry,Rosengart,drosengartk8@telegraph.co.uk,Female
730,Damaris,Pagon,dpagonk9@angelfire.com,Female
731,Gertie,Matejka,gmatejkaka@tumblr.com,Female
732,Perl,Bunney,pbunneykb@ocn.ne.jp,Female
733,Milly,Caselli,mcasellikc@gov.uk,Female
734,Thorny,Swinfen,tswinfenkd@chronoengine.com,Male
735,Cleveland,Timson,ctimsonke@oakley.com,Male
736,Eirena,Rarity,eraritykf@psu.edu,Female
737,Kean,Dempster,kdempsterkg@blinklist.com,Male
738,Fanya,Kaufman,fkaufmankh@simplemachines.org,Female
739,Ade,Bettanay,abettanayki@cnn.com,Male
740,Aeriell,Deas,adeaskj@mapquest.com,Agender
741,Kyle,Pelman,kpelmankk@mayoclinic.com,Female
742,Gabriel,Fitchell,gfitchellkl@gizmodo.com,Non-binary
743,Dianna,Schwand,dschwandkm@unc.edu,Female
744,Ariel,Hearl,ahearlkn@cnn.com,Male
745,Karlotte,Loweth,klowethko@pen.io,Polygender
746,Jeffry,Aggott,jaggottkp@mashable.com,Male
747,Tootsie,Cassedy,tcassedykq@purevolume.com,Female
748,Valeda,Gwatkins,vgwatkinskr@360.cn,Female
749,Ivor,Whymark,iwhymarkks@independent.co.uk,Male
750,Ikey,Pellman,ipellmankt@imageshack.us,Male
751,Wenona,Woolliams,wwoolliamsku@amazon.com,Bigender
752,Appolonia,Lidierth,alidierthkv@alexa.com,Female
753,Gideon,Sturror,gsturrorkw@oaic.gov.au,Male
754,Byron,Blissitt,bblissittkx@pinterest.com,Male
755,Kameko,Baggott,kbaggottky@patch.com,Female
756,Layne,Sackur,lsackurkz@angelfire.com,Female
757,Delphine,Bryer,dbryerl0@google.com.au,Female
758,Byrann,Allatt,ballattl1@nationalgeographic.com,Male
759,Cacilie,Duffield,cduffieldl2@jiathis.com,Female
760,Gery,Jaquest,gjaquestl3@tinypic.com,Male
761,Leoline,Osman,losmanl4@sohu.com,Female
762,Micaela,Gowdridge,mgowdridgel5@linkedin.com,Female
763,Glyn,Gottelier,ggottelierl6@dyndns.org,Male
764,Jemmie,Rowet,jrowetl7@xrea.com,Female
765,Garth,Snewin,gsnewinl8@yellowbook.com,Male
766,Gerome,Heggie,gheggiel9@bizjournals.com,Male
767,Imojean,Pyer,ipyerla@mozilla.com,Genderqueer
768,Pennie,Fante,pfantelb@cornell.edu,Female
769,Stepha,Senechault,ssenechaultlc@theglobeandmail.com,Female
770,Hi,Chrstine,hchrstineld@independent.co.uk,Male
771,Dorisa,Jedrzej,djedrzejle@clickbank.net,Female
772,Si,Wickstead,swicksteadlf@biblegateway.com,Male
773,Shermie,Gagie,sgagielg@scribd.com,Male
774,Jolie,Banyard,jbanyardlh@webs.com,Female
775,Clemente,Belchamp,cbelchampli@seattletimes.com,Male
776,Electra,Jacqueme,ejacquemelj@wikispaces.com,Female
777,Oswell,Dows,odowslk@google.nl,Male
778,Roi,Fuentez,rfuentezll@example.com,Male
779,Carolynn,Condie,ccondielm@miibeian.gov.cn,Female
780,Nicoline,Muirden,nmuirdenln@topsy.com,Female
781,Quincy,Gorgen,qgorgenlo@xing.com,Male
782,Reuben,Sogg,rsogglp@delicious.com,Male
783,Donaugh,Vaskov,dvaskovlq@over-blog.com,Male
784,Adara,Nelius,aneliuslr@google.com.hk,Female
785,Roxane,Willingam,rwillingamls@chicagotribune.com,Female
786,Enrique,Hobson,ehobsonlt@weebly.com,Male
787,Cathlene,Slocomb,cslocomblu@constantcontact.com,Female
788,Becka,Lottrington,blottringtonlv@eepurl.com,Female
789,Tessi,Halgarth,thalgarthlw@slate.com,Female
790,Kinsley,Trodd,ktroddlx@so-net.ne.jp,Male
791,Natassia,Kermode,nkermodely@blogtalkradio.com,Female
792,Heall,Petican,hpeticanlz@altervista.org,Male
793,Krista,Nossent,knossentm0@upenn.edu,Female
794,Mata,Stather,mstatherm1@ovh.net,Male
795,Alfredo,Whitsey,awhitseym2@comcast.net,Male
796,Koral,Cosstick,kcosstickm3@technorati.com,Female
797,Jae,Tadgell,jtadgellm4@bigcartel.com,Male
798,Andreana,Franciotti,afranciottim5@house.gov,Female
799,Maire,Dooman,mdoomanm6@yelp.com,Female
800,Petra,Harradine,pharradinem7@bloomberg.com,Female
801,Jyoti,Ottiwill,jottiwillm8@google.nl,Genderfluid
802,Flinn,Yakunchikov,fyakunchikovm9@typepad.com,Male
803,Maggi,Trussman,mtrussmanma@pen.io,Female
804,Sheila-kathryn,Lacroux,slacrouxmb@digg.com,Female
805,Olvan,Blakeway,oblakewaymc@forbes.com,Male
806,Tiphani,Stedall,tstedallmd@list-manage.com,Female
807,Beilul,Russen,brussenme@ft.com,Female
808,Amil,Stanett,astanettmf@ebay.com,Female
809,Vonny,Hurdle,vhurdlemg@cdc.gov,Female
810,Tom,Frohock,tfrohockmh@mail.ru,Male
811,Garrett,Dumphy,gdumphymi@nymag.com,Male
812,Lyndel,Fawltey,lfawlteymj@guardian.co.uk,Female
813,Poul,Andriveaux,pandriveauxmk@webeden.co.uk,Polygender
814,Ermengarde,Oxtoby,eoxtobyml@cornell.edu,Female
815,Melamie,MacGinley,mmacginleymm@oracle.com,Female
816,Herb,Georgot,hgeorgotmn@europa.eu,Male
817,Lucho,Kornel,lkornelmo@arstechnica.com,Male
818,Abbie,Larvor,alarvormp@digg.com,Female
819,Royall,Belone,rbelonemq@linkedin.com,Male
820,Hiram,Wisdish,hwisdishmr@jalbum.net,Male
821,Nathanil,Lovering,nloveringms@gravatar.com,Male
822,Isaac,Draco,idracomt@sciencedirect.com,Male
823,Gerti,Wyldes,gwyldesmu@irs.gov,Female
824,Margaretha,Furmenger,mfurmengermv@vk.com,Female
825,Sharline,Risso,srissomw@live.com,Polygender
826,Margot,Borit,mboritmx@usa.gov,Female
827,Rocky,O'Dunneen,rodunneenmy@google.ru,Male
828,Reggy,Rakes,rrakesmz@bizjournals.com,Male
829,Isobel,Metherell,imetherelln0@eventbrite.com,Genderqueer
830,Domenico,Yitshak,dyitshakn1@businesswire.com,Male
831,Gabie,Bridgwood,gbridgwoodn2@bloomberg.com,Male
832,Donielle,Duncan,dduncann3@technorati.com,Female
833,Kathi,Brunskill,kbrunskilln4@goo.ne.jp,Female
834,Katharyn,Pasquale,kpasqualen5@salon.com,Female
835,Ketty,Terrington,kterringtonn6@ebay.co.uk,Bigender
836,Fred,Alenshev,falenshevn7@baidu.com,Female
837,Virge,Dowd,vdowdn8@parallels.com,Male
838,Nate,Scola,nscolan9@t.co,Male
839,Laurie,D'Ugo,ldugona@wordpress.org,Female
840,Fidel,Anker,fankernb@nih.gov,Male
841,Sidonnie,Sisson,ssissonnc@mozilla.org,Female
842,Trstram,Sommerlin,tsommerlinnd@guardian.co.uk,Male
843,Cayla,Gow,cgowne@trellian.com,Female
844,Renard,Matusevich,rmatusevichnf@ameblo.jp,Male
845,Jorey,Philo,jphilong@usda.gov,Female
846,Christoforo,Cadding,ccaddingnh@theguardian.com,Male
847,Lodovico,Smethurst,lsmethurstni@gnu.org,Male
848,Jessalyn,Kraut,jkrautnj@123-reg.co.uk,Female
849,Kaja,Rentoul,krentoulnk@pagesperso-orange.fr,Female
850,Katlin,MacNally,kmacnallynl@businesswire.com,Non-binary
851,Levon,Rumble,lrumblenm@wikia.com,Male
852,Allistir,Tubby,atubbynn@exblog.jp,Male
853,Ezequiel,Denny,edennyno@list-manage.com,Male
854,Goddart,Goligher,ggolighernp@yolasite.com,Polygender
855,Skippy,Nottingam,snottingamnq@about.me,Male
856,Elmer,Human,ehumannr@bravesites.com,Male
857,Roanna,Pardy,rpardyns@mozilla.com,Female
858,Chelsy,Marven,cmarvennt@timesonline.co.uk,Female
859,James,Bernetti,jbernettinu@fc2.com,Male
860,Ambur,Matoshin,amatoshinnv@marriott.com,Female
861,Base,Jaouen,bjaouennw@photobucket.com,Male
862,Jeremy,Dewdney,jdewdneynx@deviantart.com,Male
863,Lou,Sterzaker,lsterzakerny@t.co,Male
864,Hall,Handrok,hhandroknz@live.com,Male
865,Leonanie,Jarrad,ljarrado0@cam.ac.uk,Female
866,Minette,Lovejoy,mlovejoyo1@gravatar.com,Female
867,Royal,Burkin,rburkino2@examiner.com,Male
868,Loralee,Micco,lmiccoo3@vkontakte.ru,Female
869,Alfred,Doody,adoodyo4@bandcamp.com,Male
870,Eli,Ramsay,eramsayo5@jigsy.com,Male
871,Haily,Fattorini,hfattorinio6@umn.edu,Genderqueer
872,Pattie,Mepham,pmephamo7@pen.io,Female
873,Mia,Snashall,msnashallo8@fema.gov,Female
874,Olly,Hinchshaw,ohinchshawo9@shareasale.com,Male
875,Aron,Trase,atraseoa@zimbio.com,Male
876,Bran,Rubenczyk,brubenczykob@bloglines.com,Male
877,Natalina,Gosnoll,ngosnolloc@bandcamp.com,Female
878,Adiana,Fogden,afogdenod@mit.edu,Female
879,Caldwell,Broz,cbrozoe@google.com.hk,Male
880,Hamlin,Fawssett,hfawssettof@google.com,Male
881,Tome,Degue,tdegueog@aboutads.info,Male
882,Gwyn,Grover,ggroveroh@arizona.edu,Female
883,Westley,Clurow,wclurowoi@w3.org,Male
884,Audrey,Londsdale,alondsdaleoj@networkadvertising.org,Female
885,Salome,Beiderbecke,sbeiderbeckeok@tuttocitta.it,Bigender
886,Winny,Olivie,wolivieol@gnu.org,Female
887,Beatrice,McBay,bmcbayom@icio.us,Female
888,Katrina,Revelle,krevelleon@ucoz.ru,Female
889,Westleigh,Hawkswood,whawkswoodoo@feedburner.com,Male
890,Danella,Rissom,drissomop@creativecommons.org,Female
891,Jamey,Heustice,jheusticeoq@moonfruit.com,Male
892,Nissy,Roscamps,nroscampsor@goo.gl,Female
893,Gayelord,Hosburn,ghosburnos@guardian.co.uk,Male
894,Ami,Lodin,alodinot@google.es,Female
895,Olin,Scrogges,oscroggesou@miitbeian.gov.cn,Male
896,Cleon,Paulsson,cpaulssonov@jigsy.com,Male
897,Aloisia,Outibridge,aoutibridgeow@blogtalkradio.com,Female
898,Nathanial,Beatey,nbeateyox@omniture.com,Male
899,Witty,O' Borne,woborneoy@friendfeed.com,Non-binary
900,Tobi,Spennock,tspennockoz@twitter.com,Female
901,Reeba,Woodworth,rwoodworthp0@woothemes.com,Female
902,Marabel,Dews,mdewsp1@ovh.net,Female
903,Schuyler,Farrington,sfarringtonp2@ft.com,Male
904,Louie,Welds,lweldsp3@who.int,Male
905,Korey,Gaitley,kgaitleyp4@ocn.ne.jp,Male
906,Lidia,Hebbard,lhebbardp5@skype.com,Non-binary
907,Theodore,Brumham,tbrumhamp6@slideshare.net,Male
908,Essy,Pollastrino,epollastrinop7@xrea.com,Agender
909,Adela,Howett,ahowettp8@facebook.com,Female
910,Iver,Pardon,ipardonp9@usnews.com,Male
911,Bram,Gover,bgoverpa@webeden.co.uk,Male
912,Madeline,Pipes,mpipespb@mysql.com,Female
913,Leanor,Spieck,lspieckpc@usgs.gov,Female
914,Charlean,Jeyes,cjeyespd@miibeian.gov.cn,Non-binary
915,Merrill,Junes,mjunespe@symantec.com,Male
916,Sharity,O'Hartigan,sohartiganpf@amazon.co.jp,Female
917,Arabelle,Shailer,ashailerpg@reddit.com,Female
918,Susann,Hartropp,shartroppph@amazon.co.uk,Female
919,Wald,Iveans,wiveanspi@delicious.com,Male
920,Darnall,Clapperton,dclappertonpj@domainmarket.com,Genderqueer
921,Gerladina,Fairn,gfairnpk@live.com,Female
922,Shamus,Selvey,sselveypl@devhub.com,Male
923,Tait,Lineham,tlinehampm@github.com,Male
924,Damara,Nezey,dnezeypn@ocn.ne.jp,Agender
925,Westbrook,Craggs,wcraggspo@nytimes.com,Male
926,Wood,Beevens,wbeevenspp@blogtalkradio.com,Agender
927,Tersina,Letterese,tletteresepq@dyndns.org,Female
928,Misha,Calley,mcalleypr@ihg.com,Female
929,Shelden,Whapples,swhapplesps@multiply.com,Male
930,Madelaine,Gratrix,mgratrixpt@tinypic.com,Female
931,Shaun,Brower,sbrowerpu@wiley.com,Male
932,Harcourt,Lafayette,hlafayettepv@tmall.com,Male
933,Stanislas,Cayle,scaylepw@icio.us,Male
934,Tessy,Salvage,tsalvagepx@tinypic.com,Female
935,Adair,Venard,avenardpy@merriam-webster.com,Male
936,Adair,Knill,aknillpz@gravatar.com,Genderfluid
937,Dalton,Paulig,dpauligq0@census.gov,Male
938,Filia,Fielders,ffieldersq1@rambler.ru,Female
939,Crichton,Casassa,ccasassaq2@sogou.com,Male
940,Craggy,Mullett,cmullettq3@house.gov,Male
941,Yvon,Broadnicke,ybroadnickeq4@infoseek.co.jp,Male
942,Isidore,Breedy,ibreedyq5@sphinn.com,Male
943,Darrick,Cords,dcordsq6@weather.com,Male
944,Zerk,Matczak,zmatczakq7@unicef.org,Male
945,Smith,Fendlow,sfendlowq8@squarespace.com,Male
946,Lanny,Lievesley,llievesleyq9@people.com.cn,Male
947,Kendre,Gellett,kgellettqa@123-reg.co.uk,Female
948,Maynord,Odger,modgerqb@nytimes.com,Male
949,Olag,Oiller,ooillerqc@usgs.gov,Male
950,Barri,Gauden,bgaudenqd@alibaba.com,Male
951,Brose,Vasilenko,bvasilenkoqe@mediafire.com,Agender
952,Nikolaos,Anthill,nanthillqf@geocities.com,Male
953,Anallese,Kayzer,akayzerqg@about.com,Female
954,Guntar,Rispin,grispinqh@si.edu,Male
955,Marcellus,Grinaugh,mgrinaughqi@privacy.gov.au,Male
956,Janith,Fatkin,jfatkinqj@github.io,Female
957,Agneta,Drewett,adrewettqk@craigslist.org,Female
958,Nathanil,Ortells,nortellsql@sfgate.com,Male
959,Wyn,Collyer,wcollyerqm@chron.com,Male
960,Bill,Eakin,beakinqn@scribd.com,Female
961,Howard,Harris,hharrisqo@yahoo.com,Male
962,Marlon,Parriss,mparrissqp@umich.edu,Male
963,Devonne,Piper,dpiperqq@arizona.edu,Female
964,Bette-ann,Attwooll,battwoollqr@marriott.com,Female
965,Matt,Portingale,mportingaleqs@pen.io,Male
966,Earvin,Fisbey,efisbeyqt@auda.org.au,Non-binary
967,Chaddy,Scanlin,cscanlinqu@google.es,Male
968,Storm,Townend,stownendqv@usda.gov,Female
969,Rick,Ghirigori,rghirigoriqw@samsung.com,Male
970,Michale,Woan,mwoanqx@bigcartel.com,Male
971,Marcus,Giovannelli,mgiovannelliqy@nytimes.com,Male
972,Marris,Osgar,mosgarqz@liveinternet.ru,Female
973,Imelda,Nowlan,inowlanr0@hexun.com,Female
974,Fulton,Collett,fcollettr1@blogspot.com,Male
975,Arielle,Tewes,atewesr2@amazon.com,Female
976,Hermione,Rawe,hrawer3@businesswire.com,Female
977,Leif,Chace,lchacer4@rakuten.co.jp,Male
978,Urson,Aberkirder,uaberkirderr5@merriam-webster.com,Male
979,Meredeth,Lening,mleningr6@utexas.edu,Male
980,Colas,Gilbody,cgilbodyr7@facebook.com,Male
981,Tabbie,Eeles,teelesr8@scientificamerican.com,Agender
982,Gretna,Goomes,ggoomesr9@istockphoto.com,Female
983,Camellia,Renny,crennyra@sohu.com,Female
984,Pembroke,De Biaggi,pdebiaggirb@digg.com,Male
985,Devonna,Gergler,dgerglerrc@tinyurl.com,Female
986,Demetris,Di Domenico,ddidomenicord@flickr.com,Male
987,Zak,Yven,zyvenre@usnews.com,Male
988,Lorna,Walsh,lwalshrf@google.nl,Female
989,Lilas,Dreger,ldregerrg@seattletimes.com,Female
990,Herman,Crosston,hcrosstonrh@live.com,Male
991,Ward,Weiss,wweissri@e-recht24.de,Male
992,Chariot,Delve,cdelverj@studiopress.com,Male
993,Maximilian,Lugton,mlugtonrk@cyberchimps.com,Male
994,Audrey,Syms,asymsrl@biglobe.ne.jp,Genderqueer
995,Templeton,Currall,tcurrallrm@ehow.com,Male
996,Stafani,Smitham,ssmithamrn@scribd.com,Genderqueer
997,Mart,Piborn,mpibornro@imageshack.us,Male
998,Leupold,Pechell,lpechellrp@youku.com,Male
999,Urbano,Veeler,uveelerrq@deviantart.com,Male
1000,Natalee,Burrill,nburrillrr@godaddy.com,Female
